name,label
hg/00000155.jpg,hg
hg/00000186.jpg,hg
hg/00000179.jpg,hg
hg/00000062.jpg,hg
hg/00000064.jpg,hg
hg/00000164.jpg,hg
hg/00000025.jpg,hg
hg/00000184.jpg,hg
hg/00000199.jpg,hg
hg/00000182.jpg,hg
hg/00000125.jpg,hg
hg/00000154.jpg,hg
hg/00000157.jpg,hg
hg/00000160.jpg,hg
hg/00000044.jpg,hg
hg/00000141.jpg,hg
hg/00000190.jpg,hg
hg/00000097.jpg,hg
hg/00000178.jpg,hg
hg/00000187.jpg,hg
hg/00000172.jpg,hg
hg/00000073.jpg,hg
hg/00000079.jpg,hg
hg/00000181.jpg,hg
hg/00000007.jpg,hg
hg/00000006.jpg,hg
hg/00000078.jpg,hg
hg/00000056.jpg,hg
hg/00000040.jpg,hg
hg/00000188.jpg,hg
hg/00000183.jpg,hg
hg/00000004.jpg,hg
hg/00000045.jpg,hg
hg/00000192.jpg,hg
hg/00000121.jpg,hg
hg/00000063.jpg,hg
hg/00000098.jpg,hg
hg/00000195.jpg,hg
hg/00000027.jpg,hg
hg/00000193.jpg,hg
hg/00000050.jpg,hg
hg/00000055.jpg,hg
hg/00000010.jpg,hg
hg/00000176.jpg,hg
hg/00000174.jpg,hg
hg/00000015.jpg,hg
hg/00000048.jpg,hg
hg/00000051.jpg,hg
hg/00000065.jpg,hg
hg/00000042.jpg,hg
hg/00000021.jpg,hg
hg/00000030.jpg,hg
hg/00000128.jpg,hg
hg/00000066.jpg,hg
hg/00000156.jpg,hg
hg/00000038.jpg,hg
hg/00000198.jpg,hg
hg/00000032.jpg,hg
hg/00000034.jpg,hg
hg/00000135.jpg,hg
hg/00000123.jpg,hg
hg/00000126.jpg,hg
hg/00000158.jpg,hg
hg/00000145.jpg,hg
hg/00000043.jpg,hg
hg/00000131.jpg,hg
hg/00000086.jpg,hg
hg/00000170.jpg,hg
hg/00000052.jpg,hg
hg/00000142.jpg,hg
hg/00000159.jpg,hg
hg/00000144.jpg,hg
hg/00000138.jpg,hg
hg/00000143.jpg,hg
hg/00000130.jpg,hg
hg/00000018.jpg,hg
hg/00000148.jpg,hg
hg/00000077.jpg,hg
hg/00000009.jpg,hg
hg/00000011.jpg,hg
hg/00000085.jpg,hg
hg/00000161.jpg,hg
hg/00000093.jpg,hg
hg/00000120.jpg,hg
hg/00000016.jpg,hg
hg/00000046.jpg,hg
hg/00000029.jpg,hg
hg/00000167.jpg,hg
hg/00000087.jpg,hg
hg/00000000.jpg,hg
hg/00000089.jpg,hg
hg/00000146.jpg,hg
hg/00000168.jpg,hg
hg/00000177.jpg,hg
hg/00000060.jpg,hg
hg/00000082.jpg,hg
hg/00000096.jpg,hg
hg/00000033.jpg,hg
hg/00000012.jpg,hg
hg/00000080.jpg,hg
hg/00000197.jpg,hg
hg/00000057.jpg,hg
hg/00000134.jpg,hg
hg/00000127.jpg,hg
hg/00000039.jpg,hg
hg/00000074.jpg,hg
hg/00000017.jpg,hg
hg/00000014.jpg,hg
hg/00000061.jpg,hg
hg/00000081.jpg,hg
hg/00000058.jpg,hg
hg/00000059.jpg,hg
hg/00000019.jpg,hg
hg/00000068.jpg,hg
hg/00000088.jpg,hg
hg/00000005.jpg,hg
hg/00000149.jpg,hg
hg/00000153.jpg,hg
hg/00000165.jpg,hg
hg/00000171.jpg,hg
hg/00000137.jpg,hg
hg/00000180.jpg,hg
hg/00000072.jpg,hg
hg/00000067.jpg,hg
hg/00000189.jpg,hg
hg/00000099.jpg,hg
hg/00000084.jpg,hg
hg/00000147.jpg,hg
hg/00000152.jpg,hg
hg/00000003.jpg,hg
hg/00000008.jpg,hg
hg/00000091.jpg,hg
hg/00000132.jpg,hg
hg/00000129.jpg,hg
hg/00000094.jpg,hg
hg/00000002.jpg,hg
hg/00000090.jpg,hg
hg/00000092.jpg,hg
hg/00000083.jpg,hg
hg/00000054.jpg,hg
hg/00000028.jpg,hg
hg/00000169.jpg,hg
hg/00000163.jpg,hg
hg/00000075.jpg,hg
hg/00000070.jpg,hg
hg/00000185.jpg,hg
hg/00000124.jpg,hg
hg/00000076.jpg,hg
hg/00000035.jpg,hg
hg/00000036.jpg,hg
hg/00000013.jpg,hg
hg/00000150.jpg,hg
hg/00000041.jpg,hg
hg/00000139.jpg,hg
hg/00000162.jpg,hg
hg/00000069.jpg,hg
hg/00000020.jpg,hg
hg/00000194.jpg,hg
hg/00000136.jpg,hg
hg/00000022.jpg,hg
hg/00000175.jpg,hg
hg/00000196.jpg,hg
hg/00000122.jpg,hg
hg/00000133.jpg,hg
hg/00000166.jpg,hg
hg/00000173.jpg,hg
hg/00000026.jpg,hg
hg/00000047.jpg,hg
pyy/00000155.jpg,pyy
pyy/00000186.jpg,pyy
pyy/00000179.jpg,pyy
pyy/00000062.jpg,pyy
pyy/00000037.jpg,pyy
pyy/00000064.jpg,pyy
pyy/00000164.jpg,pyy
pyy/00000025.jpg,pyy
pyy/00000184.jpg,pyy
pyy/00000199.jpg,pyy
pyy/00000182.jpg,pyy
pyy/00000023.jpg,pyy
pyy/00000125.jpg,pyy
pyy/00000154.jpg,pyy
pyy/00000157.jpg,pyy
pyy/00000160.jpg,pyy
pyy/00000044.jpg,pyy
pyy/00000141.jpg,pyy
pyy/00000190.jpg,pyy
pyy/00000097.jpg,pyy
pyy/00000178.jpg,pyy
pyy/00000187.jpg,pyy
pyy/00000172.jpg,pyy
pyy/00000073.jpg,pyy
pyy/00000079.jpg,pyy
pyy/00000181.jpg,pyy
pyy/00000007.jpg,pyy
pyy/00000006.jpg,pyy
pyy/00000078.jpg,pyy
pyy/00000056.jpg,pyy
pyy/00000040.jpg,pyy
pyy/00000188.jpg,pyy
pyy/00000183.jpg,pyy
pyy/00000191.jpg,pyy
pyy/00000004.jpg,pyy
pyy/00000045.jpg,pyy
pyy/00000192.jpg,pyy
pyy/00000121.jpg,pyy
pyy/00000063.jpg,pyy
pyy/00000098.jpg,pyy
pyy/00000195.jpg,pyy
pyy/00000027.jpg,pyy
pyy/00000193.jpg,pyy
pyy/00000055.jpg,pyy
pyy/00000010.jpg,pyy
pyy/00000176.jpg,pyy
pyy/00000174.jpg,pyy
pyy/00000015.jpg,pyy
pyy/00000048.jpg,pyy
pyy/00000051.jpg,pyy
pyy/00000049.jpg,pyy
pyy/00000065.jpg,pyy
pyy/00000042.jpg,pyy
pyy/00000021.jpg,pyy
pyy/00000030.jpg,pyy
pyy/00000128.jpg,pyy
pyy/00000066.jpg,pyy
pyy/00000156.jpg,pyy
pyy/00000038.jpg,pyy
pyy/00000140.jpg,pyy
pyy/00000198.jpg,pyy
pyy/00000032.jpg,pyy
pyy/00000034.jpg,pyy
pyy/00000135.jpg,pyy
pyy/00000123.jpg,pyy
pyy/00000126.jpg,pyy
pyy/00000158.jpg,pyy
pyy/00000145.jpg,pyy
pyy/00000043.jpg,pyy
pyy/00000131.jpg,pyy
pyy/00000170.jpg,pyy
pyy/00000052.jpg,pyy
pyy/00000142.jpg,pyy
pyy/00000159.jpg,pyy
pyy/00000144.jpg,pyy
pyy/00000138.jpg,pyy
pyy/00000143.jpg,pyy
pyy/00000130.jpg,pyy
pyy/00000018.jpg,pyy
pyy/00000148.jpg,pyy
pyy/00000077.jpg,pyy
pyy/00000009.jpg,pyy
pyy/00000011.jpg,pyy
pyy/00000085.jpg,pyy
pyy/00000161.jpg,pyy
pyy/00000093.jpg,pyy
pyy/00000120.jpg,pyy
pyy/00000016.jpg,pyy
pyy/00000095.jpg,pyy
pyy/00000046.jpg,pyy
pyy/00000029.jpg,pyy
pyy/00000167.jpg,pyy
pyy/00000087.jpg,pyy
pyy/00000000.jpg,pyy
pyy/00000089.jpg,pyy
pyy/00000146.jpg,pyy
pyy/00000168.jpg,pyy
pyy/00000177.jpg,pyy
pyy/00000060.jpg,pyy
pyy/00000082.jpg,pyy
pyy/00000001.jpg,pyy
pyy/00000096.jpg,pyy
pyy/00000033.jpg,pyy
pyy/00000012.jpg,pyy
pyy/00000080.jpg,pyy
pyy/00000197.jpg,pyy
pyy/00000057.jpg,pyy
pyy/00000134.jpg,pyy
pyy/00000127.jpg,pyy
pyy/00000039.jpg,pyy
pyy/00000074.jpg,pyy
pyy/00000017.jpg,pyy
pyy/00000014.jpg,pyy
pyy/00000061.jpg,pyy
pyy/00000058.jpg,pyy
pyy/00000059.jpg,pyy
pyy/00000019.jpg,pyy
pyy/00000068.jpg,pyy
pyy/00000088.jpg,pyy
pyy/00000005.jpg,pyy
pyy/00000149.jpg,pyy
pyy/00000153.jpg,pyy
pyy/00000165.jpg,pyy
pyy/00000171.jpg,pyy
pyy/00000024.jpg,pyy
pyy/00000137.jpg,pyy
pyy/00000180.jpg,pyy
pyy/00000071.jpg,pyy
pyy/00000067.jpg,pyy
pyy/00000189.jpg,pyy
pyy/00000099.jpg,pyy
pyy/00000084.jpg,pyy
pyy/00000147.jpg,pyy
pyy/00000152.jpg,pyy
pyy/00000003.jpg,pyy
pyy/00000008.jpg,pyy
pyy/00000091.jpg,pyy
pyy/00000132.jpg,pyy
pyy/00000129.jpg,pyy
pyy/00000002.jpg,pyy
pyy/00000090.jpg,pyy
pyy/00000092.jpg,pyy
pyy/00000083.jpg,pyy
pyy/00000054.jpg,pyy
pyy/00000028.jpg,pyy
pyy/00000169.jpg,pyy
pyy/00000163.jpg,pyy
pyy/00000075.jpg,pyy
pyy/00000070.jpg,pyy
pyy/00000185.jpg,pyy
pyy/00000124.jpg,pyy
pyy/00000076.jpg,pyy
pyy/00000035.jpg,pyy
pyy/00000036.jpg,pyy
pyy/00000013.jpg,pyy
pyy/00000151.jpg,pyy
pyy/00000041.jpg,pyy
pyy/00000139.jpg,pyy
pyy/00000162.jpg,pyy
pyy/00000020.jpg,pyy
pyy/00000194.jpg,pyy
pyy/00000136.jpg,pyy
pyy/00000022.jpg,pyy
pyy/00000175.jpg,pyy
pyy/00000196.jpg,pyy
pyy/00000133.jpg,pyy
pyy/00000053.jpg,pyy
pyy/00000166.jpg,pyy
pyy/00000026.jpg,pyy
pyy/00000047.jpg,pyy
hxm/00000155.jpg,hxm
hxm/00000186.jpg,hxm
hxm/00000179.jpg,hxm
hxm/00000062.jpg,hxm
hxm/00000037.jpg,hxm
hxm/00000064.jpg,hxm
hxm/00000164.jpg,hxm
hxm/00000025.jpg,hxm
hxm/00000184.jpg,hxm
hxm/00000199.jpg,hxm
hxm/00000182.jpg,hxm
hxm/00000023.jpg,hxm
hxm/00000125.jpg,hxm
hxm/00000154.jpg,hxm
hxm/00000157.jpg,hxm
hxm/00000160.jpg,hxm
hxm/00000044.jpg,hxm
hxm/00000141.jpg,hxm
hxm/00000190.jpg,hxm
hxm/00000097.jpg,hxm
hxm/00000178.jpg,hxm
hxm/00000187.jpg,hxm
hxm/00000172.jpg,hxm
hxm/00000073.jpg,hxm
hxm/00000079.jpg,hxm
hxm/00000181.jpg,hxm
hxm/00000006.jpg,hxm
hxm/00000078.jpg,hxm
hxm/00000056.jpg,hxm
hxm/00000188.jpg,hxm
hxm/00000183.jpg,hxm
hxm/00000191.jpg,hxm
hxm/00000004.jpg,hxm
hxm/00000045.jpg,hxm
hxm/00000192.jpg,hxm
hxm/00000121.jpg,hxm
hxm/00000063.jpg,hxm
hxm/00000098.jpg,hxm
hxm/00000195.jpg,hxm
hxm/00000193.jpg,hxm
hxm/00000050.jpg,hxm
hxm/00000055.jpg,hxm
hxm/00000010.jpg,hxm
hxm/00000176.jpg,hxm
hxm/00000174.jpg,hxm
hxm/00000015.jpg,hxm
hxm/00000048.jpg,hxm
hxm/00000051.jpg,hxm
hxm/00000031.jpg,hxm
hxm/00000049.jpg,hxm
hxm/00000065.jpg,hxm
hxm/00000042.jpg,hxm
hxm/00000021.jpg,hxm
hxm/00000030.jpg,hxm
hxm/00000128.jpg,hxm
hxm/00000066.jpg,hxm
hxm/00000156.jpg,hxm
hxm/00000038.jpg,hxm
hxm/00000140.jpg,hxm
hxm/00000198.jpg,hxm
hxm/00000032.jpg,hxm
hxm/00000034.jpg,hxm
hxm/00000135.jpg,hxm
hxm/00000123.jpg,hxm
hxm/00000126.jpg,hxm
hxm/00000158.jpg,hxm
hxm/00000145.jpg,hxm
hxm/00000043.jpg,hxm
hxm/00000131.jpg,hxm
hxm/00000086.jpg,hxm
hxm/00000170.jpg,hxm
hxm/00000052.jpg,hxm
hxm/00000142.jpg,hxm
hxm/00000159.jpg,hxm
hxm/00000144.jpg,hxm
hxm/00000138.jpg,hxm
hxm/00000143.jpg,hxm
hxm/00000130.jpg,hxm
hxm/00000018.jpg,hxm
hxm/00000148.jpg,hxm
hxm/00000077.jpg,hxm
hxm/00000009.jpg,hxm
hxm/00000011.jpg,hxm
hxm/00000085.jpg,hxm
hxm/00000161.jpg,hxm
hxm/00000093.jpg,hxm
hxm/00000120.jpg,hxm
hxm/00000016.jpg,hxm
hxm/00000095.jpg,hxm
hxm/00000046.jpg,hxm
hxm/00000029.jpg,hxm
hxm/00000167.jpg,hxm
hxm/00000087.jpg,hxm
hxm/00000000.jpg,hxm
hxm/00000089.jpg,hxm
hxm/00000146.jpg,hxm
hxm/00000168.jpg,hxm
hxm/00000177.jpg,hxm
hxm/00000060.jpg,hxm
hxm/00000082.jpg,hxm
hxm/00000001.jpg,hxm
hxm/00000096.jpg,hxm
hxm/00000033.jpg,hxm
hxm/00000012.jpg,hxm
hxm/00000080.jpg,hxm
hxm/00000197.jpg,hxm
hxm/00000057.jpg,hxm
hxm/00000134.jpg,hxm
hxm/00000127.jpg,hxm
hxm/00000039.jpg,hxm
hxm/00000074.jpg,hxm
hxm/00000017.jpg,hxm
hxm/00000014.jpg,hxm
hxm/00000061.jpg,hxm
hxm/00000081.jpg,hxm
hxm/00000058.jpg,hxm
hxm/00000059.jpg,hxm
hxm/00000019.jpg,hxm
hxm/00000068.jpg,hxm
hxm/00000088.jpg,hxm
hxm/00000005.jpg,hxm
hxm/00000149.jpg,hxm
hxm/00000171.jpg,hxm
hxm/00000024.jpg,hxm
hxm/00000137.jpg,hxm
hxm/00000180.jpg,hxm
hxm/00000072.jpg,hxm
hxm/00000071.jpg,hxm
hxm/00000067.jpg,hxm
hxm/00000189.jpg,hxm
hxm/00000099.jpg,hxm
hxm/00000084.jpg,hxm
hxm/00000147.jpg,hxm
hxm/00000152.jpg,hxm
hxm/00000003.jpg,hxm
hxm/00000008.jpg,hxm
hxm/00000091.jpg,hxm
hxm/00000132.jpg,hxm
hxm/00000129.jpg,hxm
hxm/00000094.jpg,hxm
hxm/00000002.jpg,hxm
hxm/00000090.jpg,hxm
hxm/00000092.jpg,hxm
hxm/00000083.jpg,hxm
hxm/00000054.jpg,hxm
hxm/00000028.jpg,hxm
hxm/00000169.jpg,hxm
hxm/00000163.jpg,hxm
hxm/00000075.jpg,hxm
hxm/00000070.jpg,hxm
hxm/00000185.jpg,hxm
hxm/00000124.jpg,hxm
hxm/00000076.jpg,hxm
hxm/00000035.jpg,hxm
hxm/00000036.jpg,hxm
hxm/00000013.jpg,hxm
hxm/00000150.jpg,hxm
hxm/00000151.jpg,hxm
hxm/00000041.jpg,hxm
hxm/00000139.jpg,hxm
hxm/00000162.jpg,hxm
hxm/00000069.jpg,hxm
hxm/00000194.jpg,hxm
hxm/00000136.jpg,hxm
hxm/00000196.jpg,hxm
hxm/00000122.jpg,hxm
hxm/00000133.jpg,hxm
hxm/00000053.jpg,hxm
hxm/00000166.jpg,hxm
hxm/00000173.jpg,hxm
hxm/00000026.jpg,hxm
hxm/00000047.jpg,hxm
